-- 001. Insert initial data for prefecture
insert into prefectures (code, name) values
('01', '北海道'), ('02', '青森県'), ('03', '岩手県'), ('04', '宮城県'), ('05', '秋田県'),
('06', '山形県'), ('07', '福島県'), ('08', '茨城県'), ('09', '栃木県'), ('10', '群馬県'),
('11', '埼玉県'), ('12', '千葉県'), ('13', '東京都'), ('14', '神奈川県'), ('15', '新潟県'),
('16', '富山県'), ('17', '石川県'), ('18', '福井県'), ('19', '山梨県'), ('20', '長野県'),
('21', '岐阜県'), ('22', '静岡県'), ('23', '愛知県'), ('24', '三重県'), ('25', '滋賀県'),
('26', '京都府'), ('27', '大阪府'), ('28', '兵庫県'), ('29', '奈良県'), ('30', '和歌山県'),
('31', '鳥取県'), ('32', '島根県'), ('33', '岡山県'), ('34', '広島県'), ('35', '山口県'),
('36', '徳島県'), ('37', '香川県'), ('38', '愛媛県'), ('39', '高知県'), ('40', '福岡県'),
('41', '佐賀県'), ('42', '長崎県'), ('43', '熊本県'), ('44', '大分県'), ('45', '宮崎県'),
('46', '鹿児島県'), ('47', '沖縄県');

-- 002. Insert initial data for qa_items (dummy master data)
INSERT INTO qa_items (id, question, answer, display_order) VALUES
(
    '10000000-0000-0000-0000-000000000001',
    '出願後に登録した出願内容の変更はできますか？',
    '出願完了後（検定料お支払い後）の登録内容の変更は原則としてできません。入力内容に誤りがあった場合は、速やかに入試課までご連絡ください。',
    1
),
(
    '10000000-0000-0000-0000-000000000002',
    '入学検定料の支払い方法は何がありますか？',
    'クレジットカード決済、コンビニエンスストア決済、Pay-easy（ペイジー）がご利用いただけます。',
    2
),
(
    '10000000-0000-0000-0000-000000000003',
    '出願書類（調査書など）の提出期限はいつまでですか？',
    '出願期間最終日（消印有効）です。各入試種別ごとに必要となる出願書類の詳細については募集要項をご確認ください。',
    3
),
(
    '10000000-0000-0000-0000-000000000004',
    'ログインID（メールアドレス）を忘れました。',
    'ログイン画面の「パスワードをお忘れの方」リンクからはメールアドレスの確認はできません。入試課までお問い合わせください。',
    4
),
(
    '10000000-0000-0000-0000-000000000005',
    'マイページが表示されません。',
    'お手数ですが、ブラウザのキャッシュクリアや別端末からの操作をお試しください。推奨ブラウザ環境はGoogle Chrome, Microsoft Edge, Safariの最新版です。',
    5
),
(
    '10000000-0000-0000-0000-000000000006',
    '受験票はいつダウンロードできますか？',
    '出願期間終了後、試験日の1週間前を目安にマイページからダウンロードが可能になります。登録メールアドレスに通知が届きます。',
    6
);

-- 003. Insert initial data for exam_types (dummy master data)
insert into exam_types (id, name, application_start_date, application_end_date, mailing_start_date, mailing_end_date, payment_start_date, payment_end_date, result_announcement_date, fee, display_order)
values
('20000000-0000-0000-0000-000000000001', '〇✕△型選抜', '2000-01-01 00:00:00+09', '2099-12-01 23:59:59+09', '2000-01-01 00:00:00+09', '2099-12-01 23:59:59+09', '2000-01-01 00:00:00+09', '2099-12-01 23:59:59+09', '2099-12-31 09:30:00+09', 99999, 1),
('20000000-0000-0000-0000-000000000002', '総合型選抜（AO入試）', '2000-01-01 00:00:00+09', '2099-12-01 23:59:59+09', '2000-01-01 00:00:00+09', '2099-12-01 23:59:59+09', '2000-01-01 00:00:00+09', '2099-12-01 23:59:59+09', '2099-12-31 09:30:00+09', 99999, 2),
('20000000-0000-0000-0000-000000000003', '公募制推薦選抜（前期日程）', '2025-09-01 00:00:00+09', '2025-09-19 23:59:59+09', '2025-09-08 00:00:00+09', '2025-09-26 23:59:59+09', '2025-09-01 00:00:00+09', '2025-09-20 23:59:59+09', '2025-12-22 09:30:00+09', 35000, 3),
('20000000-0000-0000-0000-000000000004', '公募制推薦選抜（後期日程）', '2025-10-27 00:00:00+09', '2025-11-14 23:59:59+09', '2025-11-03 00:00:00+09', '2025-11-21 23:59:59+09', '2025-10-27 00:00:00+09', '2025-11-15 23:59:59+09', '2025-12-22 09:30:00+09', 35000, 4),
('20000000-0000-0000-0000-000000000005', '指定校推薦選抜', '2025-11-01 00:00:00+09', '2025-11-14 23:59:59+09', '2025-11-03 00:00:00+09', '2025-11-21 23:59:59+09', '2025-11-01 00:00:00+09', '2025-11-15 23:59:59+09', '2025-12-22 09:30:00+09', 35000, 5),
('20000000-0000-0000-0000-000000000006', '一般選抜（前期日程）', '2026-01-06 10:00:00+09', '2026-01-22 22:59:59+09', '2026-01-06 10:00:00+09', '2026-01-22 22:59:59+09', '2026-01-06 10:00:00+09', '2026-01-22 22:59:59+09', '2026-02-17 09:30:00+09', 35000, 6),
('20000000-0000-0000-0000-000000000007', '一般選抜（中期日程）', '2026-01-06 10:00:00+09', '2026-02-04 22:59:59+09', '2026-01-06 10:00:00+09', '2026-02-04 22:59:59+09', '2026-01-06 10:00:00+09', '2026-02-04 22:59:59+09', '2026-02-24 09:30:00+09', 35000, 7),
('20000000-0000-0000-0000-000000000008', '一般選抜（後期日程）', '2026-02-15 10:00:00+09', '2026-03-10 22:59:59+09', '2026-02-15 10:00:00+09', '2026-03-10 22:59:59+09', '2026-02-15 10:00:00+09', '2026-03-10 22:59:59+09', '2026-03-17 09:30:00+09', 35000, 8),
('20000000-0000-0000-0000-000000000009', '大学入学共通テスト利用選抜', '2000-01-06 10:00:00+09', '2099-01-16 22:59:59+09', '2026-01-06 10:00:00+09', '2026-01-16 22:59:59+09', '2026-01-06 10:00:00+09', '2026-01-16 22:59:59+09', '2026-02-17 09:30:00+09', 15000, 9);

-- 004. Insert initial data for faculties (dummy master data)
insert into faculties (id, name, display_order) values
('30000000-0000-0000-0000-000000000001', '文学部', 1),
('30000000-0000-0000-0000-000000000002', '経済学部', 2),
('30000000-0000-0000-0000-000000000003', '理工学部', 3);

-- 005. Insert initial data for departments (dummy master data)
insert into departments (id, faculty_id, name, display_order) values
('40000000-0000-0000-0000-000000000001', '30000000-0000-0000-0000-000000000001', '日本文学科', 1),
('40000000-0000-0000-0000-000000000002', '30000000-0000-0000-0000-000000000001', '国際コミュニケーション学科', 2),
('40000000-0000-0000-0000-000000000003', '30000000-0000-0000-0000-000000000002', '経済学科', 1),
('40000000-0000-0000-0000-000000000004', '30000000-0000-0000-0000-000000000003', '数学科', 1),
('40000000-0000-0000-0000-000000000005', '30000000-0000-0000-0000-000000000003', '物理科学科', 2),
('40000000-0000-0000-0000-000000000006', '30000000-0000-0000-0000-000000000003', '機械工学科', 3),
('40000000-0000-0000-0000-000000000007', '30000000-0000-0000-0000-000000000003', '電子情報工学科', 4);

-- 006. Insert initial data for courses (dummy master data)
insert into courses (id, department_id, name, display_order) values
('50000000-0000-0000-0000-000000000001', '40000000-0000-0000-0000-000000000004', '基礎理論探求コース', 1),
('50000000-0000-0000-0000-000000000002', '40000000-0000-0000-0000-000000000004', 'データサイエンスコース', 2),
('50000000-0000-0000-0000-000000000003', '40000000-0000-0000-0000-000000000007', 'ソフトウェア専攻', 1),
('50000000-0000-0000-0000-000000000004', '40000000-0000-0000-0000-000000000007', 'ハードウェア専攻', 2);

-- 007. Insert initial data for application_units (dummy master data)
insert into application_units (id, exam_type_id, faculty_id, department_id, course_id, display_notes) values
-- 〇✕△型選抜: 全ての学部・学科・専攻・コースに出願可能
('60000000-0000-0000-0000-000000000001', '20000000-0000-0000-0000-000000000001', '30000000-0000-0000-0000-000000000001', '40000000-0000-0000-0000-000000000001', null, null),
('60000000-0000-0000-0000-000000000002', '20000000-0000-0000-0000-000000000001', '30000000-0000-0000-0000-000000000001', '40000000-0000-0000-0000-000000000002', null, '英語のスピーキング／リスニング試験あり'),
('60000000-0000-0000-0000-000000000003', '20000000-0000-0000-0000-000000000001', '30000000-0000-0000-0000-000000000002', '40000000-0000-0000-0000-000000000003', null, null),
('60000000-0000-0000-0000-000000000004', '20000000-0000-0000-0000-000000000001', '30000000-0000-0000-0000-000000000003', '40000000-0000-0000-0000-000000000004', '50000000-0000-0000-0000-000000000001', null),
('60000000-0000-0000-0000-000000000005', '20000000-0000-0000-0000-000000000001', '30000000-0000-0000-0000-000000000003', '40000000-0000-0000-0000-000000000004', '50000000-0000-0000-0000-000000000002', '統計学に関する独自試験あり'),
('60000000-0000-0000-0000-000000000006', '20000000-0000-0000-0000-000000000001', '30000000-0000-0000-0000-000000000003', '40000000-0000-0000-0000-000000000005', null, null),
('60000000-0000-0000-0000-000000000007', '20000000-0000-0000-0000-000000000001', '30000000-0000-0000-0000-000000000003', '40000000-0000-0000-0000-000000000006', null, null),
('60000000-0000-0000-0000-000000000008', '20000000-0000-0000-0000-000000000001', '30000000-0000-0000-0000-000000000003', '40000000-0000-0000-0000-000000000007', '50000000-0000-0000-0000-000000000003', null),
('60000000-0000-0000-0000-000000000009', '20000000-0000-0000-0000-000000000001', '30000000-0000-0000-0000-000000000003', '40000000-0000-0000-0000-000000000007', '50000000-0000-0000-0000-000000000004', null),
-- 総合型選抜（AO入試）: 文学部と経済学部のみ出願可能
('60000000-0000-0000-0000-000000000010', '20000000-0000-0000-0000-000000000002', '30000000-0000-0000-0000-000000000001', '40000000-0000-0000-0000-000000000001', null, '面接あり'),
('60000000-0000-0000-0000-000000000011', '20000000-0000-0000-0000-000000000002', '30000000-0000-0000-0000-000000000001', '40000000-0000-0000-0000-000000000002', null, '面接あり'),
('60000000-0000-0000-0000-000000000012', '20000000-0000-0000-0000-000000000002', '30000000-0000-0000-0000-000000000002', '40000000-0000-0000-0000-000000000003', null, '面接・小論文試験あり'),
-- 大学入学共通テスト利用選抜: 学部・学科・専攻・コースの選択不可（全学統一受験方式）
('60000000-0000-0000-0000-000000000013', '20000000-0000-0000-0000-000000000009', null, null, null, '全学統一受験方式のため、学部・学科・コース等の選択はできません');

-- 008. Insert initial data for exam_dates (dummy master data)
insert into exam_dates (id, exam_date, display_order) values
('70000000-0000-0000-0000-000000000001', '2025-10-15', 1),
('70000000-0000-0000-0000-000000000002', '2025-12-03', 2),
('70000000-0000-0000-0000-000000000003', '2026-02-25', 3),
('70000000-0000-0000-0000-000000000004', '2099-12-30', 4),
('70000000-0000-0000-0000-000000000005', '2099-12-31', 5);

-- 009. Insert initial data for exam_sites (dummy master data)
insert into exam_sites (id, name, display_order) values
('80000000-0000-0000-0000-000000000001', '東京', 1),
('80000000-0000-0000-0000-000000000002', '横浜', 2),
('80000000-0000-0000-0000-000000000003', '金沢', 3),
('80000000-0000-0000-0000-000000000004', '名古屋', 4),
('80000000-0000-0000-0000-000000000005', '京都', 5),
('80000000-0000-0000-0000-000000000006', '大阪（本学キャンパス）', 6),
('80000000-0000-0000-0000-000000000007', '神戸', 7),
('80000000-0000-0000-0000-000000000008', '広島', 8),
('80000000-0000-0000-0000-000000000009', '高松', 9),
('80000000-0000-0000-0000-000000000010', '福岡', 10),
('80000000-0000-0000-0000-000000000011', 'オンライン', 11);

-- 010. Insert initial data for exam_schedules (dummy master data)
insert into exam_schedules (id, exam_type_id, exam_date_id, exam_site_id, display_notes) values
-- 〇✕△型選抜: 複数の試験日・試験地から選択可
('90000000-0000-0000-0000-000000000001', '20000000-0000-0000-0000-000000000001', '70000000-0000-0000-0000-000000000004', '80000000-0000-0000-0000-000000000001', null),
('90000000-0000-0000-0000-000000000002', '20000000-0000-0000-0000-000000000001', '70000000-0000-0000-0000-000000000004', '80000000-0000-0000-0000-000000000002', null),
('90000000-0000-0000-0000-000000000003', '20000000-0000-0000-0000-000000000001', '70000000-0000-0000-0000-000000000004', '80000000-0000-0000-0000-000000000003', null),
('90000000-0000-0000-0000-000000000004', '20000000-0000-0000-0000-000000000001', '70000000-0000-0000-0000-000000000004', '80000000-0000-0000-0000-000000000004', null),
('90000000-0000-0000-0000-000000000005', '20000000-0000-0000-0000-000000000001', '70000000-0000-0000-0000-000000000004', '80000000-0000-0000-0000-000000000005', null),
('90000000-0000-0000-0000-000000000006', '20000000-0000-0000-0000-000000000001', '70000000-0000-0000-0000-000000000004', '80000000-0000-0000-0000-000000000006', '志望学部・学科により試験会場の施設が異なる可能性があります（詳細は募集要項を参照）'),
('90000000-0000-0000-0000-000000000007', '20000000-0000-0000-0000-000000000001', '70000000-0000-0000-0000-000000000004', '80000000-0000-0000-0000-000000000007', null),
('90000000-0000-0000-0000-000000000008', '20000000-0000-0000-0000-000000000001', '70000000-0000-0000-0000-000000000004', '80000000-0000-0000-0000-000000000008', null),
('90000000-0000-0000-0000-000000000009', '20000000-0000-0000-0000-000000000001', '70000000-0000-0000-0000-000000000004', '80000000-0000-0000-0000-000000000009', null),
('90000000-0000-0000-0000-000000000010', '20000000-0000-0000-0000-000000000001', '70000000-0000-0000-0000-000000000004', '80000000-0000-0000-0000-000000000010', null),
('90000000-0000-0000-0000-000000000011', '20000000-0000-0000-0000-000000000001', '70000000-0000-0000-0000-000000000004', '80000000-0000-0000-0000-000000000011', '海外在住等の理由により試験地への移動が困難な場合はオンライン受験も可（要申請）'),
('90000000-0000-0000-0000-000000000012', '20000000-0000-0000-0000-000000000001', '70000000-0000-0000-0000-000000000005', '80000000-0000-0000-0000-000000000001', null),
('90000000-0000-0000-0000-000000000013', '20000000-0000-0000-0000-000000000001', '70000000-0000-0000-0000-000000000005', '80000000-0000-0000-0000-000000000004', null),
('90000000-0000-0000-0000-000000000014', '20000000-0000-0000-0000-000000000001', '70000000-0000-0000-0000-000000000005', '80000000-0000-0000-0000-000000000006', '志望学部・学科により試験会場の施設が異なる可能性があります（詳細は募集要項を参照）'),
('90000000-0000-0000-0000-000000000015', '20000000-0000-0000-0000-000000000001', '70000000-0000-0000-0000-000000000005', '80000000-0000-0000-0000-000000000011', '海外在住等の理由により試験地への移動が困難な場合はオンライン受験も可（要申請）'),
-- 総合型選抜（AO入試）: 試験日は単一固定、試験地は選択可
('90000000-0000-0000-0000-000000000016', '20000000-0000-0000-0000-000000000002', '70000000-0000-0000-0000-000000000001', '80000000-0000-0000-0000-000000000001', '総合型選抜では東京会場の混雑が予想されるため、可能な方は横浜会場での受験もご検討お願いします'),
('90000000-0000-0000-0000-000000000017', '20000000-0000-0000-0000-000000000002', '70000000-0000-0000-0000-000000000001', '80000000-0000-0000-0000-000000000002', null),
('90000000-0000-0000-0000-000000000018', '20000000-0000-0000-0000-000000000002', '70000000-0000-0000-0000-000000000001', '80000000-0000-0000-0000-000000000004', null),
('90000000-0000-0000-0000-000000000019', '20000000-0000-0000-0000-000000000002', '70000000-0000-0000-0000-000000000001', '80000000-0000-0000-0000-000000000005', null),
('90000000-0000-0000-0000-000000000020', '20000000-0000-0000-0000-000000000002', '70000000-0000-0000-0000-000000000001', '80000000-0000-0000-0000-000000000006', '志望学部・学科により試験会場の施設が異なる可能性があります（詳細は募集要項を参照）'),
('90000000-0000-0000-0000-000000000021', '20000000-0000-0000-0000-000000000002', '70000000-0000-0000-0000-000000000001', '80000000-0000-0000-0000-000000000007', null),
('90000000-0000-0000-0000-000000000022', '20000000-0000-0000-0000-000000000002', '70000000-0000-0000-0000-000000000001', '80000000-0000-0000-0000-000000000011', '海外在住等の理由により試験地への移動が困難な場合はオンライン受験も可（要申請）'),
-- 大学入学共通テスト利用選抜: 試験日・試験地ともに選択不可
('90000000-0000-0000-0000-000000000023', '20000000-0000-0000-0000-000000000009', null, null, '本学独自の試験はありません。大学入学共通テストの成績のみで合否判定を行います');

